{
  "timestamp": "2026-06-23T16:25:33.014233",
  "results": {
    "n_seeds": 10,
    "n_jobs": 200,
    "means": {
      "No prediction": 48.05,
      "Lin Reg": 71.55,
      "MLP": 63.2,
      "GRU": 75.65,
      "TCN": 83.6,
      "LSTM": 75.4,
      "Transformer": 65.6,
      "ARIMA(1,0,1)": 70.0,
      "ARIMA(1,1,1)": 70.0,
      "Persistence": 87.85,
      "EMA \u03b1=0.1": 40.3,
      "EMA \u03b1=0.3": 80.1,
      "EMA \u03b1=0.5": 89.15,
      "Moving Avg": 88.55
    },
    "stds": {
      "No prediction": 4.332724316177988,
      "Lin Reg": 4.077070026379237,
      "MLP": 2.4413111231467406,
      "GRU": 2.3879907872519106,
      "TCN": 2.6814175355583845,
      "LSTM": 2.989983277545211,
      "Transformer": 3.9736632972611052,
      "ARIMA(1,0,1)": 4.421538193886829,
      "ARIMA(1,1,1)": 4.421538193886829,
      "Persistence": 1.8714967272212901,
      "EMA \u03b1=0.1": 3.5651086939951777,
      "EMA \u03b1=0.3": 2.6438608132804573,
      "EMA \u03b1=0.5": 1.9241881404893855,
      "Moving Avg": 2.218670773233379
    },
    "raw": {
      "No prediction": [
        44.0,
        50.0,
        47.0,
        55.50000000000001,
        47.5,
        45.0,
        48.5,
        54.0,
        49.0,
        40.0
      ],
      "Lin Reg": [
        72.0,
        66.0,
        70.0,
        80.5,
        69.5,
        68.0,
        73.5,
        75.0,
        73.5,
        67.5
      ],
      "MLP": [
        66.5,
        62.0,
        61.0,
        65.5,
        63.0,
        60.5,
        61.0,
        62.0,
        68.0,
        62.5
      ],
      "GRU": [
        79.0,
        75.0,
        73.5,
        80.5,
        74.0,
        75.5,
        75.0,
        75.5,
        76.5,
        72.0
      ],
      "TCN": [
        82.0,
        81.5,
        82.5,
        89.0,
        81.5,
        86.0,
        83.0,
        85.5,
        85.5,
        79.5
      ],
      "LSTM": [
        73.0,
        76.0,
        71.5,
        81.5,
        73.0,
        73.5,
        75.0,
        79.5,
        77.0,
        74.0
      ],
      "Transformer": [
        62.5,
        62.0,
        64.0,
        74.5,
        63.5,
        62.0,
        67.5,
        70.0,
        67.5,
        62.5
      ],
      "ARIMA(1,0,1)": [
        68.0,
        67.0,
        67.5,
        79.0,
        65.5,
        67.0,
        75.0,
        70.0,
        75.0,
        66.0
      ],
      "ARIMA(1,1,1)": [
        68.0,
        67.0,
        67.5,
        79.0,
        65.5,
        67.0,
        75.0,
        70.0,
        75.0,
        66.0
      ],
      "Persistence": [
        88.0,
        88.0,
        87.0,
        90.5,
        83.5,
        88.5,
        89.5,
        89.0,
        88.5,
        86.0
      ],
      "EMA \u03b1=0.1": [
        39.5,
        40.5,
        38.0,
        48.0,
        39.5,
        37.0,
        44.5,
        42.0,
        39.0,
        35.0
      ],
      "EMA \u03b1=0.3": [
        85.5,
        80.5,
        79.0,
        84.0,
        77.5,
        77.0,
        78.5,
        80.0,
        81.0,
        78.0
      ],
      "EMA \u03b1=0.5": [
        91.0,
        88.5,
        89.0,
        92.0,
        84.5,
        88.5,
        90.0,
        90.5,
        89.0,
        88.5
      ],
      "Moving Avg": [
        93.0,
        89.0,
        88.5,
        90.5,
        91.0,
        86.0,
        86.5,
        87.5,
        87.5,
        86.0
      ]
    },
    "rank_spearman": {
      "No prediction": NaN,
      "Lin Reg": 0.4736753575903264,
      "MLP": 0.5027638132760165,
      "GRU": 0.3771206002610557,
      "TCN": 0.48512984844800766,
      "LSTM": 0.4326098906310435,
      "Transformer": 0.4582576242845501,
      "ARIMA(1,0,1)": 0.6748477382645083,
      "ARIMA(1,1,1)": 0.6748477382645083,
      "Persistence": 0.44927840175736017,
      "EMA \u03b1=0.1": 0.3971878130285895,
      "EMA \u03b1=0.3": 0.5418798896522403,
      "EMA \u03b1=0.5": 0.5663950399952321,
      "Moving Avg": 0.604517633300132
    },
    "rank_top5_acc": {
      "No prediction": 0.0,
      "Lin Reg": 0.0,
      "MLP": 0.0,
      "GRU": 0.0,
      "TCN": 0.0,
      "LSTM": 0.0,
      "Transformer": 0.0,
      "ARIMA(1,0,1)": 0.2,
      "ARIMA(1,1,1)": 0.2,
      "Persistence": 0.0,
      "EMA \u03b1=0.1": 0.0,
      "EMA \u03b1=0.3": 0.0,
      "EMA \u03b1=0.5": 0.0,
      "Moving Avg": 0.0
    },
    "rank_top10_acc": {
      "No prediction": 0.0,
      "Lin Reg": 0.5,
      "MLP": 0.4,
      "GRU": 0.3,
      "TCN": 0.5,
      "LSTM": 0.4,
      "Transformer": 0.5,
      "ARIMA(1,0,1)": 0.6,
      "ARIMA(1,1,1)": 0.6,
      "Persistence": 0.3,
      "EMA \u03b1=0.1": 0.6,
      "EMA \u03b1=0.3": 0.4,
      "EMA \u03b1=0.5": 0.5,
      "Moving Avg": 0.4
    },
    "rank_top16_acc": {
      "No prediction": 0.0,
      "Lin Reg": 0.6875,
      "MLP": 0.6875,
      "GRU": 0.6875,
      "TCN": 0.6875,
      "LSTM": 0.6875,
      "Transformer": 0.75,
      "ARIMA(1,0,1)": 0.6875,
      "ARIMA(1,1,1)": 0.6875,
      "Persistence": 0.6875,
      "EMA \u03b1=0.1": 0.6875,
      "EMA \u03b1=0.3": 0.6875,
      "EMA \u03b1=0.5": 0.6875,
      "Moving Avg": 0.6875
    },
    "ema01_stability": {
      "n_seeds": 25,
      "mean": 40.04,
      "std": 3.364282984530285,
      "below_50_fraction": 1.0,
      "raw": [
        39.5,
        40.5,
        38.0,
        48.0,
        39.5,
        37.0,
        44.5,
        42.0,
        39.0,
        35.0,
        40.0,
        40.0,
        38.0,
        35.5,
        43.0,
        38.0,
        40.0,
        44.5,
        39.0,
        46.5,
        42.0,
        40.0,
        39.0,
        33.0,
        39.5
      ]
    }
  }
}