{
  "timestamp": "2026-06-18T15:40:27.080450",
  "results": {
    "n_records": 2233,
    "pearson_r": -0.6404148317526878,
    "calibration_good": true,
    "bucket_means": [
      52.03073027593547,
      0.0,
      0.0,
      0.0,
      23.976995576276202,
      23.629563910080737,
      21.332343934592465,
      22.62520728304808,
      32.6372289166221,
      28.106244664347372
    ],
    "bucket_counts": [
      1,
      0,
      0,
      0,
      81,
      89,
      85,
      89,
      91,
      1797
    ]
  }
}