{
  "timestamp": "2026-06-24T01:18:20.124692",
  "results": {
    "noise_levels": [
      0.0,
      0.01,
      0.02,
      0.05,
      0.1
    ],
    "n_seeds": 10,
    "n_jobs": 200,
    "ema_alpha": 0.5,
    "ema_means": {
      "0.0": 89.35,
      "0.01": 88.25,
      "0.02": 87.55,
      "0.05": 85.35,
      "0.1": 81.1
    },
    "ema_stds": {
      "0.0": 2.2808989455914084,
      "0.01": 4.038873605350878,
      "0.02": 3.5878266401820476,
      "0.05": 8.882707920448583,
      "0.1": 9.966945369570357
    },
    "lstm_means": {
      "0.0": 40.85,
      "0.01": 43.8,
      "0.02": 45.2,
      "0.05": 41.1,
      "0.1": 37.7
    },
    "lstm_stds": {
      "0.0": 7.609369224843805,
      "0.01": 4.712748667179271,
      "0.02": 6.099999999999999,
      "0.05": 11.614215427655887,
      "0.1": 10.800925886237717
    },
    "ema_raw": {
      "0.0": [
        89.5,
        86.0,
        89.5,
        90.5,
        93.5,
        88.5,
        85.5,
        88.5,
        91.5,
        90.5
      ],
      "0.01": [
        92.0,
        85.0,
        87.5,
        87.5,
        86.5,
        89.5,
        89.5,
        92.5,
        93.5,
        79.0
      ],
      "0.02": [
        84.5,
        88.5,
        84.5,
        91.5,
        90.0,
        90.0,
        86.5,
        89.5,
        79.5,
        91.0
      ],
      "0.05": [
        73.5,
        86.0,
        87.5,
        100.0,
        76.0,
        83.5,
        100.0,
        80.5,
        76.5,
        90.0
      ],
      "0.1": [
        80.0,
        60.5,
        88.0,
        81.0,
        82.0,
        70.0,
        79.0,
        85.5,
        100.0,
        85.0
      ]
    },
    "lstm_raw": {
      "0.0": [
        28.499999999999996,
        40.5,
        41.0,
        44.0,
        40.5,
        53.0,
        43.0,
        43.5,
        26.5,
        48.0
      ],
      "0.01": [
        44.5,
        46.5,
        51.0,
        46.0,
        46.5,
        48.0,
        43.5,
        36.0,
        36.5,
        39.5
      ],
      "0.02": [
        46.0,
        41.5,
        57.49999999999999,
        40.5,
        44.0,
        45.0,
        38.0,
        52.5,
        49.5,
        37.5
      ],
      "0.05": [
        30.0,
        14.000000000000002,
        47.0,
        51.0,
        42.5,
        51.5,
        54.0,
        33.5,
        41.5,
        46.0
      ],
      "0.1": [
        49.0,
        34.0,
        30.0,
        35.0,
        48.0,
        51.5,
        15.0,
        32.5,
        48.0,
        34.0
      ]
    }
  }
}