{
  "timestamp": "2026-06-18T15:40:13.574676",
  "results": {
    "n_spikes": 5,
    "n_caught": 0,
    "recall": 0.0,
    "mean_at_onset": 0.2,
    "mean_baseline": 0.19857015192135835
  }
}