{
  "timestamp": "2026-06-24T01:13:01.358535",
  "results": {
    "n_seeds": 10,
    "n_jobs": 200,
    "ema_alpha": 0.5,
    "means": {
      "greedy_only": 51.1,
      "aco_only": 46.75,
      "greedy_ema": 89.95,
      "aco_ema": 90.0
    },
    "stds": {
      "greedy_only": 2.4979991993593615,
      "aco_only": 2.590849281606323,
      "greedy_ema": 1.0111874208078342,
      "aco_ema": 2.7477263328068173
    },
    "raw": {
      "greedy_only": [
        48.5,
        47.5,
        49.5,
        56.00000000000001,
        51.5,
        51.0,
        50.0,
        52.5,
        50.0,
        54.50000000000001
      ],
      "aco_only": [
        42.5,
        49.0,
        46.0,
        48.0,
        44.0,
        52.0,
        48.0,
        45.5,
        47.5,
        45.0
      ],
      "greedy_ema": [
        88.5,
        90.0,
        90.0,
        91.5,
        91.5,
        90.5,
        89.0,
        88.5,
        90.0,
        90.0
      ],
      "aco_ema": [
        94.5,
        88.0,
        92.5,
        88.0,
        88.0,
        91.5,
        84.5,
        90.5,
        92.0,
        90.5
      ]
    },
    "ema_lift_pp": 38.85,
    "aco_phero_lift_pp": -4.350000000000001,
    "aco_over_ema_lift_pp": 0.04999999999999716
  }
}