{
  "timestamp": "2026-06-24T05:14:38.274073",
  "results": {
    "n_nodes": 32,
    "n_stable": 16,
    "n_seeds": 10,
    "n_jobs": 200,
    "routing_means": {
      "No prediction": 59.5,
      "EMA \u03b1=0.5": 100.0,
      "Persistence": 100.0,
      "LSTM": 33.1,
      "GRU": 35.7,
      "TCN": 33.6
    },
    "routing_stds": {
      "No prediction": 3.6262928728937482,
      "EMA \u03b1=0.5": 0.0,
      "Persistence": 0.0,
      "LSTM": 3.238826948140328,
      "GRU": 5.967411499134277,
      "TCN": 2.718455443813637
    },
    "cost_means": {
      "No prediction": 0.4500000000000017,
      "EMA \u03b1=0.5": 0.4500000000000017,
      "Persistence": 0.4500000000000017,
      "LSTM": 0.4500000000000017,
      "GRU": 0.4500000000000017,
      "TCN": 0.4500000000000017
    },
    "ema_vs_lstm_gap_pp": 66.9,
    "raw_routing": {
      "No prediction": [
        59.5,
        63.0,
        57.99999999999999,
        64.0,
        59.0,
        55.00000000000001,
        54.50000000000001,
        56.49999999999999,
        66.0,
        59.5
      ],
      "EMA \u03b1=0.5": [
        100.0,
        100.0,
        100.0,
        100.0,
        100.0,
        100.0,
        100.0,
        100.0,
        100.0,
        100.0
      ],
      "Persistence": [
        100.0,
        100.0,
        100.0,
        100.0,
        100.0,
        100.0,
        100.0,
        100.0,
        100.0,
        100.0
      ],
      "LSTM": [
        34.5,
        37.0,
        31.5,
        32.5,
        36.0,
        28.000000000000004,
        36.0,
        31.0,
        28.000000000000004,
        36.5
      ],
      "GRU": [
        28.499999999999996,
        36.5,
        34.5,
        38.5,
        33.5,
        35.5,
        32.0,
        37.5,
        29.5,
        51.0
      ],
      "TCN": [
        32.5,
        36.0,
        33.0,
        32.0,
        33.0,
        32.5,
        41.0,
        32.0,
        32.0,
        32.0
      ]
    }
  }
}