{
  "timestamp": "2026-06-18T17:11:51.443850",
  "results": {
    "n_nodes": 32,
    "n_jobs": 100,
    "ls_jobs": 78,
    "be_jobs": 22,
    "gpu_types": [
      "A10",
      "G2",
      "G3",
      "P100",
      "T4",
      "V100M16",
      "V100M32"
    ],
    "random": {
      "total_cost": 564.3000000000001,
      "mean_cost": 5.643000000000001,
      "ls_on_demand_pct": 51.28205128205128,
      "ls_jobs": 78
    },
    "naive": {
      "total_cost": 119.8,
      "mean_cost": 1.198,
      "ls_on_demand_pct": 92.3076923076923,
      "ls_jobs": 78
    },
    "greedy": {
      "total_cost": 89.0,
      "mean_cost": 0.89,
      "ls_on_demand_pct": 80.76923076923077,
      "ls_jobs": 78
    },
    "aco_cost": {
      "total_cost": 115.0,
      "mean_cost": 1.15,
      "ls_on_demand_pct": 74.35897435897436,
      "ls_jobs": 78
    },
    "aco_qos": {
      "total_cost": 157.4,
      "mean_cost": 1.574,
      "ls_on_demand_pct": 97.43589743589743,
      "ls_jobs": 78
    },
    "aco_cost_improvement_vs_random_pct": 79.62076909445331,
    "aco_cost_improvement_vs_naive_pct": 4.00667779632721,
    "aco_cost_improvement_vs_greedy_pct": -29.213483146067414,
    "aco_qos_improvement_vs_naive_pct": -31.385642737896504,
    "aco_qos_ls_on_demand_pct": 97.43589743589743,
    "aco_qos_ls_lift_pp": 5.128205128205124
  }
}