{
  "timestamp": "2026-06-18T15:39:59.527911",
  "results": {
    "1": {
      "p50": 0.6580000044777989,
      "p90": 0.6580000044777989,
      "p99": 0.6580000044777989,
      "mean": 0.6580000044777989,
      "max": 0.6580000044777989,
      "n": 1
    },
    "10": {
      "p50": 0.5783125016023405,
      "p90": 0.6544664021930657,
      "p99": 0.6859219403122552,
      "mean": 0.5959667010756675,
      "max": 0.6894170001032762,
      "n": 10
    },
    "50": {
      "p50": 0.5490414987434633,
      "p90": 0.6550377947860397,
      "p99": 0.7452145879506133,
      "mean": 0.5633074794604909,
      "max": 0.7526669942308217,
      "n": 50
    },
    "100": {
      "p50": 0.5371044971980155,
      "p90": 0.6367207999574022,
      "p99": 0.7117728321463801,
      "mean": 0.5562796098092804,
      "max": 0.7222499989438802,
      "n": 100
    },
    "200": {
      "p50": 0.5243960040388629,
      "p90": 0.6265625037485734,
      "p99": 0.6960004127176944,
      "mean": 0.544992115428613,
      "max": 0.7642909986316226,
      "n": 200
    }
  }
}